"Product Code","Product Name",Variant,Expected,Counted
0001,"KOYO 2206 - SAB BEARING",,0.0000,
0002,"INA HK15/16D - NR BEARING",,-10.0000,
0003,"NTN 2206S  - SAB BEARING",,6.0000,
0004,"SKF 6201ZZ - DGB BEARING",,20.0000,
0005,"NTN 2210S/C3 - SAB BEARING",,0.0000,
0006,"NTN 6305CM - DGB BEARING",,252.0000,
0007,"NTN 6211LLU - DGB BEARING",,1.0000,
0008,"NTN 1208SK - SAB BEARING",,0.0000,
0009,"AKG - 22206EMC3 - SR BEARING",,2.0000,
0010,"NTN 30208 - TR BEARING",,1.0000,
0011,"NTN 30210 - TR BEARING",,1.0000,
0012,"NSK 4206/C3 - DGB BEARING",,0.0000,
0013,"NTN 6904LLU - DGB BEARING",,6.0000,
0014,"NTN 6000LLU - DGB BEARING",,23.0000,
0015,"NTN 6001LLU - DGB BEARING",,30.0000,
0016,"NTN 6001CM - DGB BEARING",,35.0000,
0017,"NTN 6002ZZ - DGB BEARING",,91.0000,
0018,"NTN 6003LLU - DGB BEARING",,40.0000,
0019,"NTN 6001ZZ/C3 - DGB BEARING",,0.0000,
0020,"NTN 32015 - TR BEARING",,0.0000,
0021,"NTN 6002CM - D G B  BEARING",,50.0000,
0022,"NTN SCO563 DGB BEARING",,17.0000,
0023,"NTN 6002LLU - DGB BEARING",,11.0000,
0024,"KOYO 83A915/C4 - BEARING",,4.0000,
0025,"NTN - UCF211-200 PILLOW BLOCK BEARING",,3.0000,
0026,"NTN CS203LLU - D G B BEARING",,24.0000,
0027,"NTN UC204D1 - P B BEARING",,4.0000,
0028,"NTN TMB203JR2/42C3",,2.0000,
0029,"NTN 6202CM - D G B BEARING",,20.0000,
0030,"NTN 6208LLU - D G B BEARING",,1.0000,
0031,"ASHAI UK 206 - Y BEARING",,0.0000,
0032,"NTN 6000ZZ - D G B BEARING",,15.0000,
0033,"URB 6301CM - D G B BEARING",,20.0000,
0034,"URB 6300ZZ - D G B BEARING",,5.0000,
0035,"NTN 6901LLU  D G B BEARING",,0.0000,
0036,"NTN UCFL205 - Y BEARING",,0.0000,
0037,"NTN 6003CM - DGB BEARING",,0.0000,
0038,"NTN 6003ZZ - DGB BEARING",,95.0000,
0039,"NIS 6004/2RS - DGB BEARING",,27.0000,
0040,"NTN 6200LLU/C3 - DGB BEARING",,10.0000,
0041,"NTN 6208ZZ/C3 - DGB BEARING",,3.0000,
0042,"NTN 6200ZZ/C3 - DGB BEARING",,20.0000,
0043,"NTN 6304CM/C3 - DGB BEARING",,30.0000,
0044,"NTN 6309LLU - DGB BEARING",,3.0000,
0045,"NTN 6003ZZ/C3 - DGB BEARING",,15.0000,
0046,"NTN 6905ZZ - DGB BEARING",,10.0000,
0047,"NTN 6907ZZ - DGB BEARING",,4.0000,
0048,"NTN 6004CM - DGB BEARING",,0.0000,
0049,"NTN 6004LLU - DGB BEARING",,126.0000,
0050,"NTN 6004ZZ - DGB BEARING",,144.0000,
0051,"KSM 6004ZZ - DEEP GROVE BALL BEARING",,20.0000,
0052,"HCI 6005/2RS - DGB BEARING",,0.0000,
0053,"NBWZ 6005/2RS - DGB BEARING",,10.0000,
0054,"NTN 6005LLU - DGB BEARING",,22.0000,
0055,"NTN 6005LLU/C3 - DGB BEARING",,46.0000,
0056,"NTN 6005ZZ - DGB BEARING",,7.0000,
0057,"NTN 16002 - D G B BEARING",,3.0000,
0058,"NTN 6007CM - D G B BEARING",,0.0000,
0059,"NTN 607LLU - D G B  BEARING",,10.0000,
0060,"NTN 6007LLU - DGB BEARING",,11.0000,
0061,"6005 2RS - D G B BEARING",,0.0000,
0062,"SKF 6213/2RSC3",,0.0000,
0063,"NTN 6007ZZ - DGB BEARING",,7.0000,
0064,"NTN 6007ZZ/C3 - DGB BEARING",,0.0000,
0065,"NTN 6006ZZ - D G B BEARING",,0.0000,
0066,"NTN 6902ZZ - D G B BEARING",,10.0000,
0067,"NTN 51200 - D G B BEARING",,0.0000,
0068,"NTN 6015ZZ/C3 - DGB BEARING",,1.0000,
0069,"NTN 6026CM - D G B BEARING",,1.0000,
0070,"NTN 608LLU - M B BEARING",,16.0000,
0071,"NTN 608ZZ - M B BEARING",,5.0000,
0072,"NTN 16003 - D G B BEARING",,3.0000,
0073,"NTN 6200LLB - D G B BEARING",,2.0000,
0074,"NTN 6200LLU - D G B BEARING",,13.0000,
0075,"NTN 6200ZZ - D G B BEARING",,40.0000,
0076,"URB-6301 2RS-D G B BEARING",,65.0000,
0077,"NTN 6904ZZ - D G B BEARING",,3.0000,
0078,"6201/2RS - D G B BEARING",,8.0000,
0079,"NTN 6201CM - D G B BEARING",,10.0000,
0080,"B 048",,2.0000,
0081,"B 068",,3.0000,
0082,"NTN 6201LLU - D G B BEARING",,89.0000,
0083,"NTN 6201ZZ - D G B BEARING",,9.0000,
0084,"NTN 6201ZZ-1/2- D G B BEARING",,30.0000,
0085,"NTN 6202LLU - DGB BEARING",,1.0000,
0086,"NTN 6202ZZ - D G B BEARING",,3.0000,
0087,"NTN 6203CM - D G B BEARING",,80.0000,
0088,"NTN 6203LLU - D G B BEARING",,18.0000,
0089,"NTN 6203ZZ - D G B BEARING",,1.0000,
0090,"NTN 6203ZZ/C3 - D G B BEARING",,0.0000,
0091,"NBWZ 6204/2RS - DEEP GROVE BALL BEARING",,20.0000,
0092,"NTN 6204CM - DEEP GROVE BALL BEARING",,107.0000,
0094,"NTN 6204LLU* - DEEP GROVE BALL BEARING",,2.0000,
0095,"NTN 6204ZZ - D G B BEARING",,5.0000,
0096,"NTN 6205CM - DEEP GROVE BALL BEARING",,106.0000,
0097,"NTN 6205LLU - D G B BEARING",,41.0000,
0100,"NTN 6205ZZ- DEEP GROVE BALL BEARING",,181.0000,
0101,"NTN 6206CM - DEEP GROVE BALL BEARING",,5.0000,
0102,"NTN 6206LLU - D G B BEARING",,2.0000,
0103,"NTN 6206ZZ - D G B BEARING",,10.0000,
0104,"NTN 6207LLU - D G B BEARING",,2.0000,
0105,"NTN 6207ZZ - D G B BEARING",,14.0000,
0106,"KSM 6207ZZ - D G B BEARING",,3.0000,
0107,"NTN 6208ZZ - D G B BEARING",,4.0000,
0108,"NTN 628LLU - D G B BEARING",,4.0000,
0109,"NTN 628ZZ - D G B BEARING",,3.0000,
0110,"NTN 63/22CM - D G B BEARING",,87.0000,
0112,"NTN 63/22ZZ- D G B BEARING",,0.0000,
0113,"NTN 63/28CM - D G B BEARING",,34.0000,
0114,"NTN 63/28LLU - D G B BEARING",,3.0000,
0115,"NBWZ 6300/2RS - D G B BEARING",,5.0000,
0116,"NTN 6300LLU - D G B BEARING",,23.0000,
0117,"SKF 63005/2RSH - BEARING",,0.0000,
0118,"NTN 6300ZZ - D G B BEARING",,2.0000,
0120,"BB25/2K - BEARING",,2.0000,
0121,"NBWZ 6301/2RS - D G B BEARING",,35.0000,
0122,"NTN 6301CM - D G B BEARING",,7.0000,
0123,"NTN 6301LLU - D G B BEARING",,76.0000,
0124,"NTN 6301ZZ - D G B BEARING",,58.0000,
0126,"NTN 6302CM - D G B BEARING",,6.0000,
0128,"NTN 6302LLU - D G B BEARING",,72.0000,
0129,"NTN 6302ZZ - D G B BEARING",,29.0000,
0130,"NTN 6303LLU - D G B BEARING",,0.0000,
0131,"NTN 6303ZZ  - D G B BEARING",,0.0000,
0132,"NTN 6304CM - D G B BEARING",,101.0000,
0133,"NTN 6304LLU - D G B BEARING",,4.0000,
0134,"NTN 6304ZZ - D G B BEARING",,10.0000,
0135,"NTN 6305LLU - D G B BEARING",,8.0000,
0136,"NTN 6305LLU/C3 - D G B BEARING",,14.0000,
0137,"NTN 6305ZZ - D G B BEARING",,138.0000,
0138,"NTN 6306ZZ - D G B BEARING",,17.0000,
0139,"NTN 6308LLU - D G B BEARING",,9.0000,
0140,"NTN 6308ZZ - D G B BEARING",,3.0000,
0141,"NTN 6310ZZ - D G B BEARING",,2.0000,
0142,"SKF NU213ECPC3 - BEARING",,0.0000,
0143,"NTN 6901ZZ - D G B BEARING",,10.0000,
0145,"NTN 6902CM - D G B BEARING",,6.0000,
0146,"NTN 6902LLU - D G B BEARING",,5.0000,
0147,"22X28X04 - OIL SEAL",,0.0000,
0148,"URB 6005ZZ/C3  -D G B BEARINS",,0.0000,
0149,"NTN 6203-42/C3 - D G B BEARING",,2.0000,
0150,"NTN 6307ZZ - D G B BEARING",,10.0000,
0151,"40X90X12 - OIL SEAL",,1.0000,
0152,"NTN 807045/12 - BEARING",,2.0000,
0153,"85X100X9 - OIL SEAL",,0.0000,
0154,"NTN 6309ZZ - D G B BEARING",,0.0000,
0155,"NTN 606ZZ - D G B BEARING",,0.0000,
0156,"URB-6200/2RS - D G B BEARING",,19.0000,
0157,"45X55X3 - OIL SEAL",,0.0000,
0158,"70MMX5MM - ORING",,0.0000,
0159,"NSK 98205 - D G B BEARING",,0.0000,
0160,"NTN 16007 - DGB BEARING",,75.0000,
0161,"NTN HK10/15D - N R BEARING",,2.0000,
0162,"NTN NK14/16 - N R BEARING",,30.0000,
0163,"NTN HK15/12D - N R BEARING",,6.0000,
0164,"NTN HK15/16D - N R BEARING",,12.0000,
0165,"NTN HK22/16D- N R BEARING",,9.0000,
0166,"INA HK16/16D- NEEDLE ROLLER BEARING",,65.0000,
0167,"KSM 6902ZZ - D G B BEARING",,0.0000,
0168,"NTN HK14/16 -N D BEARING",,17.0000,
0169,"45X60X8 - OIL SEAL",,0.0000,
0170,"URB 6202/2RS - D G B BEARING",Red,104.0000,
0171,"URB 6204/2RS - DGB BEARING",Red,65.0000,
0172,"URB 6302/2RS - DGB BEARING",Red,108.0000,
0173,"URB 6204CM - DGB BEARING",Red,0.0000,
0174,"NTN NK25/16  - N R BEARING",,4.0000,
0175,"NTN 6001ZZ - DGB BEARING",,16.0000,
0176,"URB 6201/2RS",,130.0000,
0177,"ER 204 - P B BEARING",,2.0000,
0178,"UCF 206 - P B BEARING",,1.0000,
0179,"NTN UCF205 - P B BEARING",,2.0000,
0180,"NAG 4907  - BEARING",,0.0000,
0181,"NSK NJ2206W/C3 - BEARING",,0.0000,
0182,"NTN MTR502025 - N R BEARING",,0.0000,
0183,"MITSUBOSHI A066 - V BELT",,6.0000,
0184,"MITSUBOSHI B110 - V BELT",,0.0000,
0185,"MITSUBOSHI M080 - V BELT",,5.0000,
0186,"NIS-UC206-Y BEARING",,0.0000,
0187,"M 44-BEALT",,0.0000,
0188,"H 2306-FBJ-SLEEVE",,0.0000,
0189,"45X53X6.5 - OIL SEAL",,0.0000,
0190,"450H(38MM) TIMING BEALT",,0.0000,
0191,"M 80- V BEALT",,0.0000,
0192,"NTN 627ZZ - M BEARING",,5.0000,
0194,"NTN 6212ZZC3 - D G  B BEARING",,5.0000,
